﻿{"cameraMode":{"drawMode":0,"name":"Shaded","section":"Shading Mode"},"sceneLighting":true,"audioPlay":false,"sceneViewState":{"showFog":true,"showMaterialUpdate":false,"showSkybox":true,"showFlares":true,"showImageEffects":true,"showParticleSystems":true},"in2DMode":false,"pivot":{"x":25.769105911254884,"y":13.387094497680664,"z":14.234562873840332},"rotation":{"x":0.12213341146707535,"y":-0.7153633236885071,"z":0.1292954981327057,"w":0.6757376790046692},"size":20.265287399291993,"orthographic":false}