﻿{"cameraMode":{"drawMode":0,"name":"Shaded","section":"Shading Mode"},"sceneLighting":true,"audioPlay":false,"sceneViewState":{"showFog":true,"showMaterialUpdate":false,"showSkybox":true,"showFlares":true,"showImageEffects":true,"showParticleSystems":true},"in2DMode":false,"pivot":{"x":13.326005935668946,"y":12.652336120605469,"z":0.16429287195205689},"rotation":{"x":0.14603468775749207,"y":-0.6580808758735657,"z":0.13224254548549653,"w":0.7267155051231384},"size":21.134340286254884,"orthographic":false}