﻿{"cameraMode":{"drawMode":0,"name":"Shaded","section":"Shading Mode"},"sceneLighting":true,"audioPlay":false,"sceneViewState":{"showFog":true,"showMaterialUpdate":false,"showSkybox":true,"showFlares":true,"showImageEffects":true,"showParticleSystems":true},"in2DMode":false,"pivot":{"x":6.285737991333008,"y":8.955789566040039,"z":9.245983123779297},"rotation":{"x":-0.002157035283744335,"y":-0.9962342977523804,"z":0.08268770575523377,"w":-0.025987975299358369},"size":27.395978927612306,"orthographic":false}