﻿{"cameraMode":{"drawMode":0,"name":"Shaded","section":"Shading Mode"},"sceneLighting":true,"audioPlay":false,"sceneViewState":{"showFog":true,"showMaterialUpdate":false,"showSkybox":true,"showFlares":true,"showImageEffects":true,"showParticleSystems":true},"in2DMode":false,"pivot":{"x":5.539999961853027,"y":2.248474597930908,"z":-4.929923057556152},"rotation":{"x":0.14603468775749207,"y":-0.6580808758735657,"z":0.13224254548549653,"w":0.7267155051231384},"size":28.959800720214845,"orthographic":false}